Request ID,Feature Title,Description,Product,Request Channel,Customer Type,Priority,Status,Type,Requested By,Request Date,Business Value,Implementation Complexity,Customer Impact
FR-001,AI-Powered Priority Scoring,"Implement an AI system that automatically scores and prioritizes feature requests based on customer impact, business value, and implementation complexity",Ada,Interview,Enterprise,High,Open,Feature,Microsoft Corp,2024-01-01,High,Medium,8
FR-002,Custom Dashboard Layouts,"Allow users to customize their dashboard layout with drag-and-drop widgets, saved layouts, and personalized metrics",Ada,Customer Support,Small buisiness,Med,In Progress,UX,TechStart Solutions,2024-01-02,Medium,Medium,6
FR-003,Jira Integration,"Enable bi-directional sync with Jira including automatic ticket creation, status updates, and comment synchronization",Peem,Survey,Enterprise,Critical,Done,Integration,Oracle Systems,2024-01-03,High,High,9
FR-004,Advanced Analytics Dashboard,"Create a comprehensive analytics dashboard showing feature request trends, customer segment analysis, and priority distribution",Vincent,Interview,Enterprise,High,Open,Analytics,Amazon Web Services,2024-01-04,High,High,8
FR-005,Bulk Import/Export,"Add functionality to bulk import feature requests from CSV/Excel and export data in multiple formats (CSV, Excel, PDF)",Ada,Social,Private,Low,Done,Feature,Sarah Johnson,2024-01-05,Medium,Low,1
FR-006,Custom Fields Support,"Allow teams to create and manage custom fields for feature requests with different field types (text, number, dropdown, etc.)",Peem,Customer Support,Enterprise,Critical,Open,Feature,IBM Corporation,2024-01-06,High,Medium,9
FR-007,Team Collaboration Tools,"Implement @mentions, comments, and notifications for better team collaboration on feature requests",Vincent,Survey,Small buisiness,Med,In Progress,Collaboration,StartupHub Inc,2024-01-07,High,Medium,5
FR-008,API Documentation,"Create comprehensive API documentation with interactive examples and SDK support for major programming languages",Ada,Interview,Enterprise,High,Done,Documentation,Google LLC,2024-01-08,High,Medium,8
FR-009,Mobile App Support,"Develop native mobile apps for iOS and Android with core feature request management capabilities",Peem,Social,Private,Low,Open,Mobile,Michael Brown,2024-01-09,High,High,1
FR-010,SSO Integration,"Implement Single Sign-On (SSO) support for major providers (Google, Microsoft, Okta)",Vincent,Customer Support,Enterprise,Critical,In Progress,Security,Meta Platforms,2024-01-10,High,Medium,9
FR-011,Customer Portal,"Create a customer-facing portal for submitting and tracking feature requests",Ada,Interview,Small buisiness,Med,Done,Feature,TechGrow Ltd,2024-01-11,High,High,6
FR-012,Advanced Search,"Implement advanced search functionality with filters, saved searches, and boolean operators",Peem,Social,Private,Low,Open,Feature,Emma Wilson,2024-01-12,Medium,Medium,1
FR-013,Data Export API,"Create an API endpoint for exporting feature request data with filtering and pagination",Vincent,Survey,Enterprise,High,In Progress,API,Salesforce Inc,2024-01-13,Medium,Low,8
FR-014,Custom Workflows,"Allow teams to create custom workflows with conditional logic and automated actions",Ada,Customer Support,Enterprise,Critical,Done,Feature,Intel Corp,2024-01-14,High,High,9
FR-015,Rich Text Editor,"Add rich text editing support for feature request descriptions with image upload capabilities",Peem,Interview,Small buisiness,Med,Open,UX,StartupForce LLC,2024-01-15,Medium,Low,5
FR-016,Automated Insights,"Use AI to automatically generate insights and recommendations from feature request data",Vincent,Social,Private,Low,In Progress,AI,David Lee,2024-01-16,High,High,1
FR-017,Custom Reports,"Enable creation of custom reports with visualization options and scheduled delivery",Ada,Survey,Enterprise,High,Done,Analytics,Microsoft Corp,2024-01-17,High,Medium,8
FR-018,Slack Integration,"Add Slack integration for notifications and quick feature request creation",Peem,Customer Support,Small buisiness,Med,Open,Integration,TechPro Services,2024-01-18,Medium,Low,6
FR-019,User Role Management,"Implement granular role-based access control with custom permissions",Vincent,Interview,Enterprise,Critical,In Progress,Security,Oracle Systems,2024-01-19,High,Medium,9
FR-020,Audit Logs,"Add detailed audit logs for all system actions with filtering and export capabilities",Ada,Social,Private,Low,Done,Security,Jennifer Kim,2024-01-20,Medium,Medium,1
FR-021,Dark Mode Support,"Implement dark mode theme with system preference detection",Peem,Customer Support,Small buisiness,Med,Open,UX,StartupTech Inc,2024-01-21,Low,Low,5
FR-022,Data Import API,"Create an API endpoint for importing feature requests with validation",Vincent,Survey,Enterprise,High,In Progress,API,Adobe Systems,2024-01-22,Medium,Medium,8
FR-023,Custom Tags,"Allow creation and management of custom tags for feature requests",Ada,Interview,Small buisiness,Med,Done,Feature,TechVision LLC,2024-01-23,Medium,Low,6
FR-024,Email Notifications,"Implement customizable email notifications for feature request updates",Peem,Social,Private,Low,Open,Notification,Robert Chen,2024-01-24,Medium,Medium,1
FR-025,Salesforce Integration,"Enable bi-directional sync with Salesforce for customer data and opportunities",Vincent,Customer Support,Enterprise,Critical,In Progress,Integration,Cisco Systems,2024-01-25,High,High,9
FR-026,Custom Dashboards,"Allow creation of custom dashboards with different widgets and metrics",Ada,Interview,Small buisiness,Med,Done,Analytics,TechFlow Inc,2024-01-26,High,Medium,6
FR-027,Bulk Actions,"Add ability to perform bulk actions on multiple feature requests",Peem,Social,Private,Low,Open,Feature,Lisa Wang,2024-01-27,Medium,Low,1
FR-028,API Rate Limiting,"Implement configurable rate limiting for API endpoints",Vincent,Survey,Enterprise,High,In Progress,API,Dell Technologies,2024-01-28,Medium,Low,8
FR-029,Custom Statuses,"Allow teams to create and manage custom feature request statuses",Ada,Customer Support,Small buisiness,Med,Done,Feature,StartupNow LLC,2024-01-29,Medium,Medium,5
FR-030,Performance Monitoring,"Add system performance monitoring and alerting capabilities",Peem,Interview,Enterprise,Critical,Open,Technical,HP Enterprise,2024-01-30,High,Medium,9
FR-031,Multi-language Support,"Add support for multiple languages in the user interface",Ada,Interview,Enterprise,High,Open,Localization,VMware Inc,2024-01-31,High,High,8
FR-032,Custom Metrics,"Enable creation of custom metrics and KPIs for feature requests",Peem,Customer Support,Small buisiness,Med,Done,Analytics,StartupMetrics LLC,2024-02-01,High,Medium,6
FR-033,Automated Testing,"Implement automated testing framework for API and UI",Vincent,Social,Private,Low,In Progress,Technical,James Wilson,2024-02-02,Medium,Medium,1
FR-034,Webhook Support,"Add webhook support for integration with external systems",Ada,Survey,Enterprise,Critical,Open,Integration,Twilio Inc,2024-02-03,Medium,Medium,9
FR-035,Custom Views,"Allow creation of custom views with saved filters and columns",Peem,Interview,Small buisiness,Med,Done,Feature,TechView Solutions,2024-02-04,Medium,Medium,5
FR-036,Data Backup,"Implement automated data backup and restore capabilities",Vincent,Customer Support,Enterprise,High,In Progress,Technical,NetApp Inc,2024-02-05,High,Medium,8
FR-037,Custom Integrations,"Enable building custom integrations using API and webhooks",Ada,Social,Private,Low,Open,Integration,Emily Chen,2024-02-06,High,High,1
FR-038,Advanced Filters,"Add advanced filtering capabilities with complex conditions",Peem,Survey,Enterprise,Critical,Done,Feature,ServiceNow Inc,2024-02-07,Medium,Medium,9
FR-039,User Activity Tracking,"Track and display user activity history with filtering",Vincent,Interview,Small buisiness,Med,In Progress,Analytics,DataTrack LLC,2024-02-08,Medium,Medium,6
FR-040,Custom Notifications,"Allow creation of custom notification rules and channels",Ada,Customer Support,Enterprise,High,Open,Notification,Splunk Inc,2024-02-09,Medium,Medium,8
FR-041,Data Encryption,"Implement end-to-end encryption for sensitive data",Peem,Social,Private,Low,Done,Security,John Smith,2024-02-10,High,High,1
FR-042,Custom Reports API,"Create API endpoints for custom report generation",Vincent,Survey,Enterprise,Critical,In Progress,API,Tableau Inc,2024-02-11,Medium,Medium,9
FR-043,Team Templates,"Add support for team-specific templates and defaults",Ada,Interview,Small buisiness,Med,Open,Feature,TemplateHub LLC,2024-02-12,Medium,Low,5
FR-044,Advanced Permissions,"Implement advanced permission system with custom roles",Peem,Customer Support,Enterprise,High,Done,Security,Okta Inc,2024-02-13,High,Medium,8
FR-045,Custom Workflows API,"Create API endpoints for custom workflow management",Vincent,Social,Private,Low,In Progress,API,Maria Garcia,2024-02-14,Medium,High,1
FR-046,Data Migration Tools,"Add tools for data migration from other systems",Ada,Survey,Enterprise,Critical,Open,Feature,Informatica Inc,2024-02-15,High,High,9
FR-047,Custom Fields API,"Create API endpoints for custom field management",Peem,Interview,Small buisiness,Med,Done,API,FieldTech Solutions,2024-02-16,Medium,Medium,6
FR-048,Advanced Search API,"Implement API endpoints for advanced search capabilities",Vincent,Customer Support,Enterprise,High,In Progress,API,Elastic Inc,2024-02-17,Medium,Medium,8
FR-049,Custom Metrics API,"Create API endpoints for custom metrics management",Ada,Social,Private,Low,Open,API,David Brown,2024-02-18,Medium,Medium,1
FR-050,Team Analytics,"Add team-specific analytics and reporting capabilities",Peem,Survey,Enterprise,Critical,Done,Analytics,Datadog Inc,2024-02-19,High,Medium,9
FR-051,Custom Views API,"Implement API endpoints for custom view management",Vincent,Interview,Small buisiness,Med,In Progress,API,ViewLogic LLC,2024-02-20,Medium,Medium,5
FR-052,Data Archiving,"Add capabilities for archiving old feature requests",Ada,Customer Support,Enterprise,High,Open,Feature,Box Inc,2024-02-21,Medium,Low,8
FR-053,Custom Reports Export,"Enable export of custom reports in multiple formats",Peem,Social,Private,Low,Done,Feature,Sarah Lee,2024-02-22,Medium,Low,1
FR-054,Advanced Audit Logs,"Implement detailed audit logging with advanced filtering",Vincent,Survey,Enterprise,Critical,In Progress,Security,AuditTech Inc,2024-02-23,High,Medium,9
FR-055,Custom Dashboard API,"Create API endpoints for custom dashboard management",Ada,Interview,Small buisiness,Med,Open,API,DashTech Solutions,2024-02-24,Medium,Medium,6
FR-056,Team Permissions,"Add team-specific permission management capabilities",Peem,Customer Support,Enterprise,High,Done,Security,Auth0 Inc,2024-02-25,High,Medium,8
FR-057,Custom Integration API,"Implement API endpoints for custom integration management",Vincent,Social,Private,Low,In Progress,API,Michael Chen,2024-02-26,Medium,High,1
FR-058,Data Validation,"Add advanced data validation capabilities",Ada,Survey,Enterprise,Critical,Open,Feature,Talend Inc,2024-02-27,Medium,Medium,9
FR-059,Custom Notification API,"Create API endpoints for custom notification management",Peem,Interview,Small buisiness,Med,Done,API,NotifyTech LLC,2024-02-28,Medium,Medium,5
FR-060,Team Templates API,"Implement API endpoints for team template management",Vincent,Customer Support,Enterprise,High,In Progress,API,Atlassian Inc,2024-02-29,Medium,Medium,8
FR-061,Data Import Validation,"Add advanced validation for data imports",Ada,Social,Private,Low,Open,Feature,Jessica Wang,2024-03-01,Medium,Medium,1
FR-062,Custom Field Templates,"Enable creation of custom field templates",Peem,Survey,Enterprise,Critical,Done,Feature,MongoDB Inc,2024-03-02,Medium,Low,9
FR-063,Advanced API Security,"Implement advanced security measures for API",Vincent,Interview,Small buisiness,Med,In Progress,Security,SecureTech LLC,2024-03-03,High,High,6
FR-064,Data Export Templates,"Add support for custom data export templates",Ada,Customer Support,Enterprise,High,Open,Feature,Snowflake Inc,2024-03-04,Medium,Low,8
FR-065,Custom Report Templates,"Enable creation of custom report templates",Peem,Social,Private,Low,Done,Feature,Robert Kim,2024-03-05,Medium,Low,1
FR-066,Advanced API Analytics,"Add detailed analytics for API usage",Vincent,Survey,Enterprise,Critical,In Progress,Analytics,New Relic Inc,2024-03-06,Medium,Medium,9
FR-067,Data Import Templates,"Add support for custom data import templates",Ada,Interview,Small buisiness,Med,Open,Feature,ImportTech LLC,2024-03-07,Medium,Low,5
FR-068,Custom Dashboard Templates,"Enable creation of custom dashboard templates",Peem,Customer Support,Enterprise,High,Done,Feature,Grafana Inc,2024-03-08,Medium,Low,8
FR-069,Advanced API Documentation,"Improve API documentation with interactive examples",Vincent,Social,Private,Low,In Progress,Documentation,Thomas Lee,2024-03-09,High,Medium,1
FR-070,Data Validation Templates,"Add support for custom data validation templates",Ada,Survey,Enterprise,Critical,Open,Feature,Collibra Inc,2024-03-10,Medium,Medium,9
FR-071,Custom Workflow Templates,"Enable creation of custom workflow templates",Peem,Interview,Small buisiness,Med,Done,Feature,WorkflowTech LLC,2024-03-11,Medium,Medium,6
FR-072,Advanced API Testing,"Implement comprehensive API testing tools",Vincent,Customer Support,Enterprise,High,In Progress,Technical,Postman Inc,2024-03-12,High,High,8
FR-073,Data Migration Templates,"Add support for custom data migration templates",Ada,Social,Private,Low,Open,Feature,Patricia Chen,2024-03-13,Medium,Medium,1
FR-074,Custom Integration Templates,"Enable creation of custom integration templates",Peem,Survey,Enterprise,Critical,Done,Feature,MuleSoft Inc,2024-03-14,Medium,High,9
FR-075,Advanced API Monitoring,"Add detailed monitoring for API performance",Vincent,Interview,Small buisiness,Med,In Progress,Technical,MonitorTech LLC,2024-03-15,High,Medium,5
FR-076,Data Archive Templates,"Add support for custom data archive templates",Ada,Customer Support,Enterprise,High,Open,Feature,Commvault Inc,2024-03-16,Medium,Low,8
FR-077,Custom Report Scheduling,"Enable scheduling of custom report generation",Peem,Social,Private,Low,Done,Feature,William Kim,2024-03-17,Medium,Low,1
FR-078,Advanced API Rate Limiting,"Implement advanced API rate limiting features",Vincent,Survey,Enterprise,Critical,In Progress,Technical,Kong Inc,2024-03-18,High,Medium,9
FR-079,Data Backup Templates,"Add support for custom data backup templates",Ada,Interview,Small buisiness,Med,Open,Feature,BackupTech LLC,2024-03-19,Medium,Medium,6
FR-080,Custom Dashboard Sharing,"Enable sharing of custom dashboards",Peem,Customer Support,Enterprise,High,Done,Feature,Looker Inc,2024-03-20,Medium,Low,8
FR-081,Advanced API Versioning,"Implement comprehensive API versioning",Vincent,Social,Private,Low,In Progress,Technical,Karen Lee,2024-03-21,High,High,1
FR-082,Data Recovery Tools,"Add tools for data recovery and rollback",Ada,Survey,Enterprise,Critical,Open,Feature,Veeam Inc,2024-03-22,High,High,9
FR-083,Custom Report Sharing,"Enable sharing of custom reports",Peem,Interview,Small buisiness,Med,Done,Feature,ShareTech LLC,2024-03-23,Medium,Low,5
FR-084,Advanced API Caching,"Implement advanced API caching mechanisms",Vincent,Customer Support,Enterprise,High,In Progress,Technical,Redis Inc,2024-03-24,High,Medium,8
FR-085,Data Cleanup Tools,"Add tools for data cleanup and optimization",Ada,Social,Private,Low,Open,Feature,Richard Wang,2024-03-25,Medium,Medium,1
FR-086,Custom View Sharing,"Enable sharing of custom views",Peem,Survey,Enterprise,Critical,Done,Feature,Tableau Inc,2024-03-26,Medium,Low,9
FR-087,Advanced API Error Handling,"Implement comprehensive API error handling",Vincent,Interview,Small buisiness,Med,In Progress,Technical,ErrorTech LLC,2024-03-27,High,Medium,6
FR-088,Data Integrity Tools,"Add tools for ensuring data integrity",Ada,Customer Support,Enterprise,High,Open,Feature,Informatica Inc,2024-03-28,High,High,8
FR-089,Custom Template Sharing,"Enable sharing of custom templates",Peem,Social,Private,Low,Done,Feature,Linda Chen,2024-03-29,Medium,Low,1
FR-090,Advanced API Authentication,"Implement advanced API authentication methods",Vincent,Survey,Enterprise,Critical,In Progress,Security,Auth0 Inc,2024-03-30,High,High,9
FR-091,Data Analysis Tools,"Add tools for advanced data analysis",Ada,Interview,Small buisiness,Med,Open,Analytics,AnalyticsTech LLC,2024-03-31,High,Medium,5
FR-092,Custom Integration Sharing,"Enable sharing of custom integrations",Peem,Customer Support,Enterprise,High,Done,Feature,Zapier Inc,2024-04-01,Medium,High,8
FR-093,Advanced API Logging,"Implement comprehensive API logging",Vincent,Social,Private,Low,In Progress,Technical,Steven Lee,2024-04-02,High,Medium,1
FR-094,Data Visualization Tools,"Add advanced data visualization capabilities",Ada,Survey,Enterprise,Critical,Open,Analytics,Tableau Inc,2024-04-03,High,Medium,9
FR-095,Custom Workflow Sharing,"Enable sharing of custom workflows",Peem,Interview,Small buisiness,Med,Done,Feature,WorkflowShare LLC,2024-04-04,Medium,Medium,6
FR-096,Advanced API Metrics,"Implement comprehensive API metrics",Vincent,Customer Support,Enterprise,High,In Progress,Analytics,Datadog Inc,2024-04-05,High,Medium,8
FR-097,Data Export Tools,"Add advanced data export capabilities",Ada,Social,Private,Low,Open,Feature,Michelle Wang,2024-04-06,Medium,Low,1
FR-098,Custom Field Sharing,"Enable sharing of custom fields",Peem,Survey,Enterprise,Critical,Done,Feature,FieldShare Inc,2024-04-07,Medium,Low,9
FR-099,Advanced API Documentation,"Improve API documentation with tutorials",Vincent,Interview,Small buisiness,Med,In Progress,Documentation,SwaggerHub LLC,2024-04-08,High,Medium,5
FR-100,Data Import Tools,"Add advanced data import capabilities",Ada,Customer Support,Enterprise,High,Open,Feature,Talend Inc,2024-04-09,Medium,Low,8